CompanyName,URL
Royal Bank of Canada (RBC),https://jobs.rbc.com/ca/en/search-results
Toronto-Dominion Bank (TD),https://td.wd3.myworkdayjobs.com/en-US/TD_Bank_Careers
Scotiabank,https://jobs.scotiabank.com/search/?createNewAlert=false&q=&locationsearch=canada
Bank of Montreal (BMO),https://jobs.bmo.com/ca/en/search-results
CIBC,cibc.com/careers
Deloitte,deloitte.com/careers
PwC,pwc.com/careers
EY,ey.com/careers
KPMG,kpmg.com/careers
Shopify,shopify.com/careers
Microsoft,careers.microsoft.com
Amazon,amazon.jobs
Manulife,manulife.com/careers
Sun Life Financial,sunlife.ca/careers
Intact Financial,careers.intactfc.com
Brookfield Asset Management,brookfield.com/careers
Canadian Tire,canadiantire.ca/careers
Loblaw Companies Limited,loblaw.ca/careers
Walmart Canada,careers.walmart.ca
Travelers Canada,https://careers.travelers.com/locations/canada/
Snowflake,https://careers.snowflake.com/us/en
Google,https://careers.google.com/
Uber,https://www.uber.com/us/en/careers/
Swiss Re,https://www.swissre.com/careers.html
Citco,https://careers.citco.com/
Autodesk,https://www.autodesk.com/careers/overview
Ontario Teachers' Pension Plan (OTPP),https://otpp.com/careers
Tim Hortons,https://www.timhortons.ca/careers
DoorDash,https://careers.doordash.com/
MUFG America,https://careers.mufgamericas.com/
